"FCID","Lane","SampleID","SampleRef","Index","Description","Control","Recipe","Operator","SampleProject"
"C43LVACXX",6,"RS-01753315","RS-01753315_24HRS_Control_RS-01753283","ATCACG",NA,"N","V3PE","Bianchi","GudkovRNA"
"C43LVACXX",6,"RS-01753316","RS-01753316_24HRS_5-aza-CdR_RS-01753284","TTAGGC",NA,"N","V3PE","Bianchi","GudkovRNA"
"C43LVACXX",6,"RS-01753318","RS-01753318_24HRS_Busulfan_RS-01753286","GATCAG",NA,"N","V3PE","Bianchi","GudkovRNA"
"C43LVACXX",6,"RS-01753319","RS-01753319_24HRS_Doxorubicin_RS-01753287","TAGCTT",NA,"N","V3PE","Bianchi","GudkovRNA"
"C43LVACXX",6,"RS-01753320","RS-01753320_24HRS_Etoposide_RS-01753288","GGCTAC",NA,"N","V3PE","Bianchi","GudkovRNA"
"C43LVACXX",6,"RS-01753321","RS-01753321_24HRS_H2O2_RS-01753289","GTGGCC",NA,"N","V3PE","Bianchi","GudkovRNA"
"C43LVACXX",6,"RS-01753322","RS-01753322_24HRS_IR_RS-01753290","GTTTCG",NA,"N","V3PE","Bianchi","GudkovRNA"
"C43LVACXX",6,"RS-01753323","RS-01753323_24HRS_Ras_RS-01753291","CGTACG",NA,"N","V3PE","Bianchi","GudkovRNA"
"C43LVACXX",6,"RS-01753324","RS-01753324_24HRS_UV_RS-01753292","GAGTGG",NA,"N","V3PE","Bianchi","GudkovRNA"
"C43LVACXX",6,"RS-01753325","RS-01753325_24HRS_p46_RS-01753293","ACTGAT",NA,"N","V3PE","Bianchi","GudkovRNA"
"C43LVACXX",7,"RS-01753326","RS-01753326_10Days_Control_RS-01753294","ATCACG",NA,"N","V3PE","Bianchi","GudkovRNA"
"C43LVACXX",7,"RS-01753327","RS-01753327_10Days_5-aza-CdR_RS-01753295","TTAGGC",NA,"N","V3PE","Bianchi","GudkovRNA"
"C43LVACXX",7,"RS-01753328","RS-01753328_10Days_Bleomycin_RS-01753296","ACTTGA",NA,"N","V3PE","Bianchi","GudkovRNA"
"C43LVACXX",7,"RS-01753329","RS-01753329_10Days_Busulfan_RS-01753297","GATCAG",NA,"N","V3PE","Bianchi","GudkovRNA"
"C43LVACXX",7,"RS-01753330","RS-01753330_10Days_Doxorubicin_RS-01753298","TAGCTT",NA,"N","V3PE","Bianchi","GudkovRNA"
"C43LVACXX",7,"RS-01753331","RS-01753331_10Days_Etoposide_RS-01753299","GGCTAC",NA,"N","V3PE","Bianchi","GudkovRNA"
"C43LVACXX",7,"RS-01753332","RS-01753332_10Days_H2O2_RS-01753300","GTGGCC",NA,"N","V3PE","Bianchi","GudkovRNA"
"C43LVACXX",7,"RS-01753333","RS-01753333_10Days_IR_RS-01753301","GTTTCG",NA,"N","V3PE","Bianchi","GudkovRNA"
"C43LVACXX",7,"RS-01753334","RS-01753334_10Days_Ras_RS-01753302","CGTACG",NA,"N","V3PE","Bianchi","GudkovRNA"
"C43LVACXX",7,"RS-01753335","RS-01753335_10Days_UV_RS-01753303","GAGTGG",NA,"N","V3PE","Bianchi","GudkovRNA"
"C43LVACXX",7,"RS-01753336","RS-01753336_10Days_p46_RS-01753304","ACTGAT",NA,"N","V3PE","Bianchi","GudkovRNA"
"C43LVACXX",8,"RS-01753337","RS-01753337_20Days_Control_RS-01753305","ATCACG",NA,"N","V3PE","Bianchi","GudkovRNA"
"C43LVACXX",8,"RS-01753338","RS-01753338_20Days_5-aza-CdR_RS-01753306","TTAGGC",NA,"N","V3PE","Bianchi","GudkovRNA"
"C43LVACXX",8,"RS-01753339","RS-01753339_20Days_Bleomycin_RS-01753307","ACTTGA",NA,"N","V3PE","Bianchi","GudkovRNA"
"C43LVACXX",8,"RS-01753340","RS-01753340_20Days_Busulfan_RS-01753308","GATCAG",NA,"N","V3PE","Bianchi","GudkovRNA"
"C43LVACXX",8,"RS-01753341","RS-01753341_20Days_Doxorubicin_RS-01753309","TAGCTT",NA,"N","V3PE","Bianchi","GudkovRNA"
"C43LVACXX",8,"RS-01753342","RS-01753342_20Days_Etoposide_RS-01753310","GGCTAC",NA,"N","V3PE","Bianchi","GudkovRNA"
"C43LVACXX",8,"RS-01753343","RS-01753343_20Days_H2O2_RS-01753311","GTGGCC",NA,"N","V3PE","Bianchi","GudkovRNA"
"C43LVACXX",8,"RS-01753344","RS-01753344_20Days_IR_RS-01753312","GTTTCG",NA,"N","V3PE","Bianchi","GudkovRNA"
"C43LVACXX",8,"RS-01753345","RS-01753345_20Days_Ras_RS-01753313","CGTACG",NA,"N","V3PE","Bianchi","GudkovRNA"
"C43LVACXX",8,"RS-01753346","RS-01753346_20Days_UV_RS-01753314","GAGTGG",NA,"N","V3PE","Bianchi","GudkovRNA"
